{"cameraMode":{"drawMode":0,"name":"Shaded","section":"Shading Mode"},"sceneLighting":true,"audioPlay":false,"sceneViewState":{"showFog":true,"showMaterialUpdate":false,"showSkybox":true,"showFlares":true,"showImageEffects":true,"showParticleSystems":true},"in2DMode":false,"pivot":{"x":-16.194190979003908,"y":-22.32247543334961,"z":-32.765647888183597},"rotation":{"x":0.09578581154346466,"y":-0.8963444232940674,"z":0.3624923527240753,"w":0.2368009090423584},"size":19.642742156982423,"orthographic":false}