{"cameraMode":{"drawMode":0,"name":"Shaded","section":"Shading Mode"},"sceneLighting":true,"audioPlay":false,"sceneViewState":{"showFog":true,"showMaterialUpdate":false,"showSkybox":true,"showFlares":true,"showImageEffects":true,"showParticleSystems":true},"in2DMode":false,"pivot":{"x":-24.657779693603517,"y":-21.859699249267579,"z":-25.22210121154785},"rotation":{"x":0.11776174604892731,"y":-0.8692007064819336,"z":0.249288871884346,"w":0.41057273745536806},"size":22.535947799682618,"orthographic":false}