{"cameraMode":{"drawMode":0,"name":"Shaded","section":"Shading Mode"},"sceneLighting":true,"audioPlay":false,"sceneViewState":{"showFog":true,"showMaterialUpdate":false,"showSkybox":true,"showFlares":true,"showImageEffects":true,"showParticleSystems":true},"in2DMode":false,"pivot":{"x":-32.92549133300781,"y":-28.15144157409668,"z":0.9230798482894898},"rotation":{"x":0.23185257613658906,"y":-0.644256591796875,"z":0.2144518494606018,"w":0.6966152191162109},"size":26.969404220581056,"orthographic":false}