{"cameraMode":{"drawMode":0,"name":"Shaded","section":"Shading Mode"},"sceneLighting":true,"audioPlay":false,"sceneViewState":{"showFog":true,"showMaterialUpdate":false,"showSkybox":true,"showFlares":true,"showImageEffects":true,"showParticleSystems":true},"in2DMode":false,"pivot":{"x":-7.545536518096924,"y":-6.911553859710693,"z":0.13240209221839906},"rotation":{"x":0.2566791772842407,"y":-0.6131112575531006,"z":0.2206006646156311,"w":0.713829755783081},"size":7.614095211029053,"orthographic":false}