{"cameraMode":{"drawMode":0,"name":"Shaded","section":"Shading Mode"},"sceneLighting":true,"audioPlay":false,"sceneViewState":{"showFog":true,"showMaterialUpdate":false,"showSkybox":true,"showFlares":true,"showImageEffects":true,"showParticleSystems":true},"in2DMode":false,"pivot":{"x":56.79484558105469,"y":77.18721771240235,"z":-46.72590637207031},"rotation":{"x":0.012363300658762455,"y":0.9692944288253784,"z":-0.24060507118701936,"w":0.04976856708526611},"size":114.61238861083985,"orthographic":false}